{"stage1": {"loss": [0.9392687678337097, 0.4375957250595093, 0.3425045311450958, 0.2929475009441376, 0.2529604732990265], "accuracy": [0.747991681098938, 0.8779085874557495, 0.9036703705787659, 0.9163435101509094, 0.9274238348007202], "val_loss": [0.44414541125297546, 0.2996671199798584, 0.2408844381570816, 0.21124215424060822, 0.19060616195201874], "val_accuracy": [0.8940269947052002, 0.923892080783844, 0.9402697682380676, 0.9465317726135254, 0.9508670568466187]}, "stage2": {"loss": [0.5275391936302185, 0.33234331011772156, 0.2556051015853882, 0.21302714943885803, 0.18562670052051544, 0.16213609278202057, 0.14210821688175201, 0.12262134253978729, 0.11383127421140671, 0.105684794485569], "accuracy": [0.8362188339233398, 0.8990304470062256, 0.9238919615745544, 0.934833824634552, 0.9419667720794678, 0.9503462314605713, 0.9558171629905701, 0.9626038670539856, 0.9671052694320679, 0.9694598317146301], "val_loss": [0.2526829242706299, 0.19488731026649475, 0.1601940393447876, 0.13673502206802368, 0.12038446962833405, 0.10709075629711151, 0.09686505049467087, 0.0892094150185585, 0.0814536064863205, 0.07733912765979767], "val_accuracy": [0.9277456402778625, 0.9426782131195068, 0.9527938365936279, 0.9590559005737305, 0.9648362398147583, 0.9643545150756836, 0.9686897993087769, 0.9696531891822815, 0.9720616340637207, 0.9715799689292908]}}